item_id,title,brand,rating,n_rating,price,shipping,img_url,max_rslt,dp,hdmi,dirx,model
14-932-561,GIGABYTE GAMING OC GeForce RTX 4080 16GB GDDR6X PCI Express 4.0 x16 ATX Video Card GV-N4080GAMING OC-16GD,GIGABYTE,4.3,56,1269.99,Free Shipping,https://c1.neweggimages.com/ProductImageCompressAll300/14-932-561-04.jpg,7680 x 4320,3 x DisplayPort 1.4a,1 x HDMI 2.1,DirectX 12,GV-N4080GAMING
14-137-709,MSI Mech Radeon RX 6500 XT 4GB GDDR6 PCI Express 4.0 Video Card RX 6500 XT MECH 2X 4G OC,MSI,4.2,12,183.99,Free Shipping,https://c1.neweggimages.com/ProductImageCompressAll300/14-137-709-V01.jpg,7680 x 4320,1 x DisplayPort 1.4a,1 x HDMI 2.1,,RX
14-930-066,ASRock Radeon RX 6600 8GB GDDR6 PCI Express 4.0 Video Card RX6600 CLD 8G,ASRock,4.8,100,429.99,Free Shipping,https://c1.neweggimages.com/ProductImageCompressAll300/14-930-066-V01.jpg,7680 x 4320,3 x DisplayPort 1.4H,1 x HDMI 2.1,,RX6600
14-930-056,"ASRock Radeon RX 6700 XT Challenger D Gaming Graphic Card, 12GB GDDR6 VRAM, AMD RDNA2 (RX6700XT CLD 12G)",ASRock,4.5,146,419.99,Free Shipping,https://c1.neweggimages.com/ProductImageCompressAll300/14-930-056-01.jpg,7680 x 4320,3 x DisplayPort 1.4H,1 x HDMI 2.1,,RX6700XT
14-500-518,"ZOTAC GAMING GeForce RTX 3060 Ti Twin Edge OC LHR 8GB GDDR6 256-bit 14 Gbps PCIE 4.0 Gaming Graphics Card, IceStorm 2.0 Advanced Cooling, Active Fan Control, FREEZE Fan Stop ZT-A30610H-10MLHR",ZOTAC,4.6,51,409.99,Free Shipping,https://c1.neweggimages.com/ProductImageCompressAll300/14-500-518-01.jpg,7680 x 4320,3 x DisplayPort 1.4a,1 x HDMI 2.1,,ZT-A30610H-10MLHR
14-932-519,GIGABYTE Gaming OC Radeon RX 6750 XT 12GB GDDR6 PCI Express 4.0 ATX Video Card GV-R675XTGAMING OC-12GD,GIGABYTE,4.5,31,449.99,Free Shipping,https://c1.neweggimages.com/ProductImageCompressAll300/14-932-519-01.jpg,7680 x 4320,2 x DisplayPort 1.4a,2 x HDMI 2.1,,GV-R675XTGAMING
14-150-876,XFX Gaming Radeon RX 7900 XT 20GB GDDR6 PCI Express 4.0 x16 Video Card RX-79TMBABF9,XFX,4.2,6,899.99,$9.99 Shipping,https://c1.neweggimages.com/ProductImageCompressAll300/14-150-876-07.jpg,7680 x 4320,2 x DisplayPort 2.1H,1 x HDMI 2.1,,RX-79TMBABF9
14-883-001,Intel Arc A770 16GB GDDR6 PCI Express 4.0 x16 Video Card 21P01J00BA,Intel,4.3,72,349.99,Free Shipping,https://c1.neweggimages.com/ProductImageCompressAll300/14-883-001-02.jpg,7680 x 4320,3 x DisplayPort 2.0H,1 x HDMI 2.1,,21P01J00BA
9SIBF3CJ559113,Peladn Gaming RTX3070 8G Graphics Card GDDR6 RGB Lighting PCI Express 4.0 Video Card Triple-fan Edition,Peladn,5,1,499.0,Free Shipping,https://c1.neweggimages.com/ProductImageCompressAll300/BF3CS22082404XX53A1.jpg,,,,DirectX 12,6972410022658
9SIAZUEHMN7535,Yeston RTX 3080 10GB GDDR6X 320bit LHR Graphics cards Nvidia pci express x16 4.0 HDMI 2.1*1 + DP1.4a*3 video cards Desktop computer PC video gaming graphics card,yeston,4.4,33,769.0,Free Shipping,https://c1.neweggimages.com/ProductImageCompressAll300/AZUES220425vpbtX.jpg,,,,,RTX3080-10G
14-137-767,MSI Suprim X GeForce RTX 4080 16GB GDDR6X PCI Express 4.0 Video Card RTX 4080 16GB SUPRIM X,MSI,5,13,1379.99,Free Shipping,https://c1.neweggimages.com/ProductImageCompressAll300/14-137-767-03.jpg,7680 x 4320,3 x DisplayPort 1.4a,1 x HDMI 2.1,DirectX 12,RTX
14-137-640,MSI Mech Radeon RX 6700 XT 12GB GDDR6 PCI Express 4.0 Video Card RX 6700 XT MECH 2X 12G OC,MSI,4.3,44,369.99,Free Shipping,https://c1.neweggimages.com/ProductImageCompressAll300/14-137-640-V01.jpg,7680 x 4320,3 x DisplayPort 1.4H,1 x HDMI 2.1,,RX6700XTMECH
14-930-073,ASRock OC Formula Radeon RX 6950 XT 16GB GDDR6 PCI Express 4.0 Video Card RX6950XT OCF 16G,ASRock,4.6,33,1099.99,Free Shipping,https://c1.neweggimages.com/ProductImageCompressAll300/14-930-073-V05.jpg,7680 x 4320,3 x DisplayPort 1.4H,1 x HDMI 2.1,,RX6950XT
14-202-424,SAPPHIRE PULSE Radeon RX 6700 10GB GDDR6 PCI Express 4.0 ATX Video Card 11321-02-20G,Sapphire Tech,4.4,34,329.99,Free Shipping,https://c1.neweggimages.com/ProductImageCompressAll300/14-202-424-V05.jpg,7680 x 4320,3 x DisplayPort 1.4H,1 x HDMI 2.1,,11321-02-20G
9SIBF3CJ4M6795,Peladn Gaming GeForce RTX 3080 Ti 12G Graphics Card RGB Lighting GDDR6X PCI Express 4.0 Video Card Triple-fan Edition,Peladn,4.5,4,899.0,Free Shipping,https://c1.neweggimages.com/ProductImageCompressAll300/BF3CS2208220FGWD9A1.jpg,,3 x DisplayPort 1.4H,1 x HDMI 2.1,DirectX 12,6972410023310
9SIAFXNJEC6760,MSI Suprim GeForce RTX 4090 24GB GDDR6X PCI Express 4.0 Video Card RTX 4090 SUPRIM LIQUID X 24G,MSI,4.5,12,2285.0,Special Shipping,https://c1.neweggimages.com/ProductImageCompressAll300/14-137-759-34.png,7680 x 4320,3 x DisplayPort 1.4a,1 x HDMI 2.1,DirectX 12,RTX
9SIBF3CJ4W3825,Peladn Gaming RTX 3070Ti 8G Graphics Card GDDR6X RGB Lighting PCI Express 4.0 Video Card Triple-fan Edition,Peladn,,,599.0,Free Shipping,https://c1.neweggimages.com/ProductImageCompressAll300/BF3CS2208220EWUJBA1.jpg,,,,,6972410022993
14-930-048,"ASRock Radeon RX 6800 Phantom Gaming D Gaming Graphics Card with 16GB GDDR6, AMD RDNA 2 (RX6800 PGD 16GO)",ASRock,3.9,22,509.99,Free Shipping,https://c1.neweggimages.com/ProductImageCompressAll300/14-930-048-02.jpg,7680 x 4320,,1 x HDMI 2.1,,RX6800
14-202-430,SAPPHIRE NITRO+ Radeon RX 7900 XT 20GB GDDR6 PCI Express 4.0 x16 ATX Video Card 11323-01-40G,Sapphire Tech,5,4,1049.99,$9.99 Shipping,https://c1.neweggimages.com/ProductImageCompressAll300/14-202-430-V03.jpg,7680 x 4320,2 x DisplayPort 2.1H,2 x HDMI 2.1,,11323-01-40G
14-137-673,MSI Ventus GeForce RTX 3060 Ti 8GB GDDR6 PCI Express 4.0 Video Card RTX 3060 Ti VENTUS 2X 8G OCV1 LHR,MSI,4.7,107,449.99,Free Shipping,https://c1.neweggimages.com/ProductImageCompressAll300/14-137-673-V13.jpg,7680 x 4320,3 x DisplayPort 1.4a,1 x HDMI 2.1,,RTX306TVENTUS2X8OCV1
9SIAVXDJNP9166,MLLSE New Graphics Card AMD RX 580 8GB Gaming GDDR5 256Bit 8Pin PCI-E 3.0 Ã—16 Radeon GPU Computer Mining ETH hashrate 28-30mh/s DVI-I HDMI 1.4 x 1 DisplayPort x 3,ZOTAC,,,88.99,Free Shipping,https://c1.neweggimages.com/ProductImageCompressAll300/AVXDS2210270412OC9D.jpg,,,,,580-DV1HDMI1DP1
14-500-508,"ZOTAC GAMING GeForce RTX 3060 Twin Edge OC 12GB GDDR6 192-bit 15 Gbps PCIE 4.0 Gaming Graphics Card, IceStorm 2.0 Cooling, Active Fan Control, FREEZE Fan Stop ZT-A30600H-10M",MSI,4.4,32,459.99,Free Shipping,https://c1.neweggimages.com/ProductImageCompressAll300/14-500-508-V02.jpg,7680 x 4320,3 x DisplayPort 1.4a,1 x HDMI 2.1,,ZT-A30600H-10M
14-137-732,MSI Gaming Radeon RX 6800 16GB GDDR6 PCI Express 4.0 Video Card RX 6800 Gaming Z Trio 16G,GIGABYTE,5,3,599.99,Free Shipping,https://c1.neweggimages.com/ProductImageCompressAll300/14-137-732-19.jpg,7680 x 4320,3 x DisplayPort 1.4H,1 x HDMI 2.1,,RX
14-932-588,GIGABYTE Radeon RX 7900 XT 20GB GDDR6 PCI Express 4.0 Video Card GV-R79XT-20GC-B,ASRock,,,899.99,$9.99 Shipping,https://c1.neweggimages.com/ProductImageCompressAll300/14-932-588-02.jpg,7680 x 4320,2 x DisplayPort 2.1H,1 x HDMI 2.1,,GV-R79XT-20GC-B
14-930-063,ASRock Challenger D Radeon RX 6600 XT 8GB GDDR6 PCI Express 4.0 Video Card RX6600XT CLD 8GO,GIGABYTE,4.6,73,289.99,Free Shipping,https://c1.neweggimages.com/ProductImageCompressAll300/14-930-063-V09.jpg,7680 x 4320,,1 x HDMI 2.1,,RX6600XT
14-932-432,GIGABYTE Vision OC GeForce RTX 3060 12GB GDDR6 PCI Express 4.0 ATX Video Card GV-N3060VISION OC-12GD (rev. 2.0) (LHR),MSI,4.7,59,409.99,Free Shipping,https://c1.neweggimages.com/ProductImageCompressAll300/14-932-432-01.jpg,7680 x 4320,2 x DisplayPort 1.4a,2 x HDMI 2.1,,GV-N3060VISION
14-137-735,MSI Mech Radeon RX 6750 XT 12GB GDDR6 PCI Express 4.0 Video Card RX 6750 XT MECH 2X 12G OC,GIGABYTE,4.2,35,434.99,Free Shipping,https://c1.neweggimages.com/ProductImageCompressAll300/14-137-735-01.jpg,7680 x 4320,3 x DisplayPort 1.4H,1 x HDMI 2.1,,RX
14-932-560,GIGABYTE AERO OC GeForce RTX 4080 16GB GDDR6X PCI Express 4.0 ATX Video Card GV-N4080AERO OC-16GD,EVGA,3.7,3,1299.99,Free Shipping,https://c1.neweggimages.com/ProductImageCompressAll300/14-932-560-09.jpg,7680 x 4320,3 x DisplayPort 1.4a,1 x HDMI 2.1,,GV-N4080AERO
14-487-486,"EVGA GeForce RTX 2060 KO ULTRA GAMING Video Card, 06G-P4-2068-KR, 6GB GDDR6, Dual Fans, Metal Backplate",ASRock,4.5,236,279.99,Free Shipping,https://c1.neweggimages.com/ProductImageCompressAll300/14-487-486-V01.jpg,7680 x 4320,1 x DisplayPort 1.4D,1 x HDMI 2.0,,06G-P4-2068-KR
14-930-071,ASRock Challenger Pro Radeon RX 6750 XT 12GB GDDR6 PCI Express 4.0 Video Card RX6750XT CLP 12GO,GIGABYTE,4.4,19,409.99,Free Shipping,https://c1.neweggimages.com/ProductImageCompressAll300/14-930-071-V08.jpg,7680 x 4320,3 x DisplayPort 1.4H,1 x HDMI 2.1,,RX6750XT
14-932-433,GIGABYTE Gaming OC GeForce RTX 3060 12GB GDDR6 PCI Express 4.0 ATX Video Card GV-N3060GAMING OC-12GD (rev. 2.0) (LHR),MSI,4.7,133,399.99,Free Shipping,https://c1.neweggimages.com/ProductImageCompressAll300/14-932-433-01.jpg,7680 x 4320,2 x DisplayPort 1.4a,2 x HDMI 2.1,,GV-N3060GAM
9SIABT1JCC9133,MSI Gaming (MSI) GeForce RTX 4090 24GB GDDR6X PCI Express 4.0 Video Card RTX 4090 GAMING X TRIO 24G,GIGABYTE,4.6,14,2139.99,Free Shipping,https://c1.neweggimages.com/ProductImageCompressAll300/14-137-761-34.png,7680 x 4320,3 x DisplayPort 1.4a,1 x HDMI 2.1,DirectX 12,RTX
14-932-468,GIGABYTE Gaming OC GeForce RTX 3060 Ti 8GB GDDR6 PCI Express 4.0 ATX Video Card GV-N306TGAMING OC-8GD REV 2.0 (LHR),Peladn,4.8,54,459.99,Free Shipping,https://c1.neweggimages.com/ProductImageCompressAll300/14-932-468-V01.jpg,7680 x 4320,2 x DisplayPort 1.4a,2 x HDMI 2.1,,GV-N306TGAMING
9SIBF3CJ558974,Peladn Gaming RTX 3060TI 8G Graphics Card GDDR6 PCI Express 4.0 Video Card Double-fan Edition,MSI,5,2,389.0,Free Shipping,https://c1.neweggimages.com/ProductImageCompressAll300/BF3CS22082404MUXH8E.jpg,,,,DirectX 12,6972410022696
14-137-733,MSI Gaming Radeon RX 6950 XT 16GB GDDR6 PCI Express 4.0 Video Card RX 6950 XT GAMING X TRIO 16G,GIGABYTE,4.4,39,999.99,Free Shipping,https://c1.neweggimages.com/ProductImageCompressAll300/14-137-733-V01.jpg,7680 x 4320,3 x DisplayPort 1.4a,1 x HDMI 2.1,,RX
9SIASGMJPZ0150,GIGABYTE Gaming OC GeForce RTX 3070 8GB GDDR6 PCI Express 4.0 ATX Video Card GV-N3070GAMING OC-8GD (rev. 2.0) (LHR),,4.8,132,689.99,Special Shipping,https://c1.neweggimages.com/ProductImageCompressAll300/14-932-449-01.jpg,7680 x 4320,2 x DisplayPort 1.4a,2 x HDMI 2.1,,GV-N3070GAMING
14-932-579,GIGABYTE WINDFORCE OC GeForce RTX 3060 12GB GDDR6 PCI Express 4.0 x16 ATX Video Card GV-N3060WF2OC-12GD,GIGABYTE,,,389.99,Free Shipping,https://c1.neweggimages.com/ProductImageCompressAll300/14-932-579-05.jpg,7680 x 4320,2 x DisplayPort 1.4a,2 x HDMI 2.1,,GV-N3060WF2OC-12GD
27N-0002-00172,XFX Speedster MERC 319 AMD RX 6950 XT Black Gaming Graphics Card with 16GB GDDR6 RX-695XATBD9,XFX,4.5,10,829.99,Free Shipping,https://c1.neweggimages.com/ProductImageCompressAll300/AD2CS2207050VBJ2WF5.jpg,7680 x 4320,3 x DisplayPort 1.4H,1 x HDMI 2.1,,RX-695XATBD9
14-883-002,Intel Arc A750 8GB GDDR6 PCI Express 4.0 x16 Video Card 21P02J00BA,Intel,4.3,20,289.99,Free Shipping,https://c1.neweggimages.com/ProductImageCompressAll300/14-883-002-02.jpg,7680 x 4320,3 x DisplayPort 2.0H,1 x HDMI 2.1,,21P02J00BA
9SIBF3CJ4W3816,Peladn Gaming RTX 3060 12G Graphics Card GDDR6 PCI Express 4.0 Video Card Dual-fan Edition,Peladn,5,2,369.0,Free Shipping,https://c1.neweggimages.com/ProductImageCompressAll300/BF3CS2208220ELUFU8E.jpg,,,,DirectX 12,6972410022689
9SIABT1JEC0954,GIGABYTE AORUS GeForce RTX 4090 24GB GDDR6X PCI Express 4.0 ATX Video Card GV-N4090AORUSX W-24GD,GIGABYTE,4.4,18,2494.99,Free Shipping,https://c1.neweggimages.com/ProductImageCompressAll300/14-932-556-18.jpg,7680 x 4320,3 x DisplayPort 1.4a,1 x HDMI 2.1,,GV-N4090AORUSX
14-930-072,ASRock Phantom Gaming D Radeon RX 6750 XT 12GB GDDR6 PCI Express 4.0 Video Card RX6750XT PGD 12GO,ASRock,4.5,2,429.99,Free Shipping,https://c1.neweggimages.com/ProductImageCompressAll300/14-930-072-01.jpg,7680 x 4320,3 x DisplayPort 1.4H,1 x HDMI 2.1,,RX6750XT
9SIAD2CJRH3855,XFX SPEEDSTER MERC310 Radeon RX 7900 XT 20GB GDDR6 PCI Express 4.0 x16 Video Card RX-79TMERCB9,XFX,5,2,929.99,$4.99 Shipping,https://c1.neweggimages.com/ProductImageCompressAll300/14-150-877-13.jpg,7680 x 4320,3 x DisplayPort 1.4H,1 x HDMI 2.1,,RX-79TMERCB9
9SIB1PGFBX9975,"EVGA GeForce RTX 3080 Ti FTW3 ULTRA GAMING Video Card, 12G-P5-3967-KR, 12GB GDDR6X, iCX3 Technology, ARGB LED, Metal Backplate",EVGA,4.8,244,1530.0,Free Shipping,https://c1.neweggimages.com/ProductImageCompressAll300/14-487-547-S01.jpg,,3 x DisplayPort 1.4a,1 x HDMI 2.1,,12G-P5-3967-KR
14-930-076,ASRock Challenger Arc A380 6GB GDDR6 PCI Express 4.0 ITX Video Card A380 CLI 6G OC,ASRock,3.8,42,139.99,Free Shipping,https://c1.neweggimages.com/ProductImageCompressAll300/14-930-076-01.jpg,7680 x 4320,3 x DisplayPort 2.0H,1 x HDMI 2.0,,A380
14-150-870,XFX SPEEDSTER SWFT210 Radeon RX 6650 XT 8GB GDDR6 PCI Express 4.0 Video Card RX-665X8DFDY,XFX,4,3,299.99,Free Shipping,https://c1.neweggimages.com/ProductImageCompressAll300/14-150-870-V07.jpg,,3 x DisplayPort 1.4H,1 x HDMI 2.1,,RX-665X8DFDY
14-553-001,Acer Predator BiFrost Arc A770 16GB GDDR6 PCI Express 4.0 x16 Video Card Predator BiFrost Intel Arc A770 OC,Acer America,3.8,4,399.99,Free Shipping,https://c1.neweggimages.com/ProductImageCompressAll300/14-553-001-06.png,7680 x 4320,3 x DisplayPort 2.0H,1 x HDMI 2.1,,DP.BKCWW.P02
14-500-543,"ZOTAC GAMING GeForce RTX 4080 16GB Trinity OC DLSS 3 16GB GDDR6X 256-bit 22.4 Gbps PCIE 4.0 Gaming Graphics Card, IceStorm 2.0 Advanced Cooling, SPECTRA 2.0 RGB Lighting, ZT-D40810J-10P",ZOTAC,5,1,1299.99,Free Shipping,https://c1.neweggimages.com/ProductImageCompressAll300/14-500-543-V01.jpg,7680 x 4320,3 x DisplayPort 1.4a,1 x HDMI 2.1,DirectX 12,ZT-D40810J-10P
14-126-611,"ASUS TUF Gaming NVIDIA GeForce RTX 3070 Ti OC V2 Graphics Card (PCIe 4.0, 8GB GDDR6X, HDMI 2.1, DisplayPort 1.4a, Dual ball Fan Bearings, Military-grade Certification, GPU Tweak III)",ASUS,,,649.99,Free Shipping,https://c1.neweggimages.com/ProductImageCompressAll300/14-126-611-02.png,7680 x 4320,3 x DisplayPort 1.4a,2 x HDMI 2.1,,TUF-RTX3070TI-O8G-V2-GAMING
9SIAXZZJ0F1008,MAXSUN Nvidia Geforce RTX 3080 Ti iCraft GM OC 12GB GDDR6X Video Graphics Card GPU For Computer Gaming PC HDMI2.1 PCIE 4.0,MAXSUN,,,1099.99,$4.99 Shipping,https://c1.neweggimages.com/ProductImageCompressAll300/AXZZS2203290J2UYIDD.jpg,7680 x 4320,3 x DisplayPort 1.4a,1 x HDMI 2.1,,MS-GEFORCERTX3080TIICRAFTOCGM12G
9SIBGVAJCD3014,BIOSTAR NEW GeForce RTX 3080 10GB GDDR6X PCI Express 4.0 Graphics Card NVIDIA RTX 3080 10GB Gaming Video Card 8Pin GPU Gamer,Biostar,,,699.0,Free Shipping,https://c1.neweggimages.com/ProductImageCompressAll300/BGVAS2211300G9LRBA1.jpg,7680 x 4320,3 x DisplayPort 1.4a,1 x HDMI 2.1,,4712960686649
14-932-557,GIGABYTE AORUS GeForce RTX 4080 16GB GDDR6X PCI Express 4.0 ATX Video Card GV-N4080AORUSX WB-16GD,GIGABYTE,3.8,12,1449.99,Free Shipping,https://c1.neweggimages.com/ProductImageCompressAll300/14-932-557-10.jpg,7680 x 4320,3 x DisplayPort 1.4a,1 x HDMI 2.1,,GV-N4080AORUSX
14-932-454,GIGABYTE Vision OC GeForce RTX 3060 Ti 8GB GDDR6 PCI Express 4.0 ATX Video Card GV-N306TVISION OC-8GD (rev. 2.0) (LHR),GIGABYTE,4.8,28,459.99,Free Shipping,https://c1.neweggimages.com/ProductImageCompressAll300/14-932-454-01.jpg,7680 x 4320,2 x DisplayPort 1.4a,2 x HDMI 2.1,,GV-N306TVISION
14-131-783,"PowerColor Fighter AMD Radeon RX 6700 XT Gaming Graphics Card with 12GB GDDR6 Memory, Powered by AMD RDNA 2, HDMI 2.1 (AXRX 6700XT 12GBD6-3DH)",PowerColor,4.6,5,399.99,Free Shipping,https://c1.neweggimages.com/ProductImageCompressAll300/14-131-783-V01.jpg,,3 x DisplayPort 1.4H,1 x HDMI 2.1,,AXRX
14-137-758,MSI GeForce RTX 3060 12GB GDDR6 PCI Express 4.0 Video Card RTX 3060 AERO ITX 12G OC,MSI,5,4,369.99,Free Shipping,https://c1.neweggimages.com/ProductImageCompressAll300/14-137-758-01.jpg,7680 x 4320,3 x DisplayPort 1.4a,1 x HDMI 2.1,DirectX 12,RTX
14-137-475,MSI Ventus GeForce GTX 1660 SUPER 6GB GDDR6 PCI Express 3.0 x16 Video Card GTX 1660 SUPER VENTUS XS OC,MSI,4.6,353,269.99,Free Shipping,https://c1.neweggimages.com/ProductImageCompressAll300/14-137-475-01.jpg,7680 x 4320,3 x DisplayPort 1.4a,1 x HDMI 2.0,,1660SuperVentusXSOC
9SIAYTVFU57363,GIGABYTE Gaming GeForce RTX 3070 Ti 8GB GDDR6X PCI Express 4.0 ATX Video Card GV-N307TGAMING OC-8GD,GIGABYTE,4.7,188,712.99,$49.99 Shipping,https://c1.neweggimages.com/ProductImageCompressAll300/14-932-443-V01.jpg,7680 x 4320,2 x DisplayPort 1.4a,2 x HDMI 2.1,,GV-N307TGAMING
14-932-559,GIGABYTE AORUS GeForce RTX 4080 16GB GDDR6X PCI Express 4.0 x16 ATX Video Card GV-N4080AORUS M-16GD,GIGABYTE,4.8,4,1369.99,Free Shipping,https://c1.neweggimages.com/ProductImageCompressAll300/14-932-559-03.jpg,7680 x 4320,3 x DisplayPort 1.4a,1 x HDMI 2.1,DirectX 12,GV-N4080AORUS
9SIAXMKJRK7760,MSI Ventus GeForce RTX 4080 16GB GDDR6X PCI Express 4.0 Video Card RTX 4080 16GB VENTUS 3X OC,MSI,4.5,26,1523.99,$49.99 Shipping,https://c1.neweggimages.com/ProductImageCompressAll300/14-137-765-01.jpg,7680 x 4320,3 x DisplayPort 1.4a,1 x HDMI 2.1,DirectX 12,RTX
9SIBF3CJ3S2631,Peladn Gaming GeForce RTX 2060 6G Graphics Card GDDR6 PCI Express 3.0 Video Card Dual-fan Edition HDMI DP 1.4,Peladn,3,3,239.0,Free Shipping,https://c1.neweggimages.com/ProductImageCompressAll300/BF3CS2208030HSIF33F.jpg,,,,,6972410022467
14-932-418,"GIGABYTE Radeon RX 6700 XT EAGLE 12G Graphics Card, WINDFORCE 3X Cooling System, 12GB 192-bit GDDR6, GV-R67XTEAGLE-12GD Video Card",GIGABYTE,4.4,54,459.99,Free Shipping,https://c1.neweggimages.com/ProductImageCompressAll300/14-932-418-02.jpg,7680 x 4320,2 x DisplayPort 1.4a,2 x HDMI 2.1,,GV-R67XTEAGLE-12GD
9SIBF3CJ598406,Peladn Gaming GTX 1660Super 6G Graphics Card GDDR6 PCI Express 3.0 Video Card Dual-fan Edition,Peladn,5,2,179.0,Free Shipping,https://c1.neweggimages.com/ProductImageCompressAll300/BF3CS2211250DC953A2.jpg,,,,,6972410021415
14-930-077,ASRock Phantom Gaming Arc A770 8GB GDDR6 PCI Express 4.0 x16 Video Card A770 PGD 8GO,ASRock,3,2,329.99,Free Shipping,https://c1.neweggimages.com/ProductImageCompressAll300/14-930-077-04.jpg,7680 x 4320,3 x DisplayPort 2.0H,1 x HDMI 2.1,,A770
14-150-874,"XFX SPEEDSTER SWFT309 AMD Radeon RX 6700 CORE Gaming Graphics Card with 10GB 160-Bit GDDR6, AMD RDNA 2, RX-67XLKWFDV",XFX,4.6,9,359.99,Free Shipping,https://c1.neweggimages.com/ProductImageCompressAll300/14-150-874-07.jpg,7680 x 4320,3 x DisplayPort 1.4H,1 x HDMI 2.1,,RX-67XLKWFDV
9SIAZUEHWN8323,Yeston RTX 3070 8GB GDDR6 256bit LHR Graphics cards Nvidia pci express 4.0 HDMI 2.1*1 + DP1.4a*3 video cards Desktop computer PC video gaming graphics card,yeston,3.6,5,599.0,Free Shipping,https://c1.neweggimages.com/ProductImageCompressAll300/AZUES220525IFnVU.jpg,,,,,RTX3070-8G
14-137-707,MSI Gaming GeForce RTX 3050 8GB GDDR6 PCI Express 4.0 Video Card RTX 3050 Gaming X 8G,MSI,4.9,40,349.99,Free Shipping,https://c1.neweggimages.com/ProductImageCompressAll300/14-137-707-V09.jpg,7680 x 4320,3 x DisplayPort 1.4a,1 x HDMI 2.1,,RTX
9SIAYTVJB55944,"MAXSUN GeForce RTX 3080 iCraft OC 10GB GDDR6X 320-Bit Computer Video Gaming Graphics Card GPU RGB LED, Metal Back Plate, PCI Express 4.0 x16 HDMI 2.1",MAXSUN,4.7,18,889.99,$49.99 Shipping,https://c1.neweggimages.com/ProductImageCompressAll300/AXZZS2207270LVWBK92.jpg,7680 x 4320,3 x DisplayPort 1.4a,1 x HDMI 2.1,,MS-GeForce
14-137-729,MSI GeForce RTX 3050 8GB GDDR6 PCI Express 4.0 Video Card RTX 3050 AERO ITX 8G OC,MSI,5,1,299.99,Free Shipping,https://c1.neweggimages.com/ProductImageCompressAll300/14-137-729-S05.jpg,7680 x 4320,3 x DisplayPort 1.4H,1 x HDMI 2.1,,RTX
9SIBF3CJ3S2700,Peladn Gaming GeForce GTX 1650 4G Graphics Card PCI Express 3.0 Video Card Dual-fan Edition HDMI DP 1.4,Peladn,,,159.0,Free Shipping,https://c1.neweggimages.com/ProductImageCompressAll300/BF3CS2208030I670W02.jpg,,1 x DisplayPort 1.4D,,,6972410021095
9SIAD2CHGD9602,"XFX SPEEDSTER MERC319 AMD Radeon RX 6800 XT CORE Gaming Graphics Card with 16GB GDDR6 HDMI 3 x DP, AMD RDNA 2 (RX-68XTALFD9)",XFX,4.4,21,729.99,$4.86 Shipping,https://c1.neweggimages.com/ProductImageCompressAll300/14-150-848-02.jpg,,3 x DisplayPort 1.4H,1 x HDMI 2.1,,RX-68XTALFD9
9SIAD2CHJ22055,"XFX SPEEDSTER SWFT309 AMD Radeon RX 6700 XT CORE Gaming Graphics Card with 12GB GDDR6 HDMI 3xDP, AMD RDNA 2 (RX-67XTYJFDV)",XFX,4.8,35,389.99,$4.49 Shipping,https://c1.neweggimages.com/ProductImageCompressAll300/14-150-852-V08.jpg,,3 x DisplayPort 1.4H,1 x HDMI 2.1,,RX-67XTYJFDV
14-131-791,PowerColor Fighter Radeon RX 6600 8GB GDDR6 PCI Express 4.0 ATX Video Card AXRX 6600 8GBD6-3DH,PowerColor,4.3,13,239.99,Free Shipping,https://c1.neweggimages.com/ProductImageCompressAll300/14-131-791-V01.jpg,7680 x 4320,3 x DisplayPort 1.4H,1 x HDMI 2.1,,AXRX
9SIBGW6J9Y0429,AX Gaming New Graphic Card GEFORCE RTX 3050 X2W 8GB GDDR6 128Bit 8Pin 8NM 1777MHz Gaming GPU Video Cards,AX Gaming,,,297.0,Free Shipping,https://c1.neweggimages.com/ProductImageCompressAll300/BGW6S2210250N9EN904.jpg,7680 x 4320,3 x DisplayPort 1.4a,1 x HDMI 2.1,,835168002647
9SIAZUEHCK6637,Yeston RTX 3060 12GB GDDR6 LHR Graphics cards Nvidia pci express x16 4.0 video cards Desktop computer PC video gaming graphics card,yeston,4.5,4,379.0,Free Shipping,https://c1.neweggimages.com/ProductImageCompressAll300/AZUES220410o0J6n.jpg,,,,,RTX3060-12G
9SIASGMJRE7060,GIGABYTE Gaming OC GeForce RTX 3080 10GB GDDR6X PCI Express 4.0 ATX Video Card GV-N3080GAMING OC-10GD (rev. 2.0) (LHR),GIGABYTE,4.5,80,984.99,Special Shipping,https://c1.neweggimages.com/ProductImageCompressAll300/14-932-459-02.jpg,7680 x 4320,3 x DisplayPort 1.4a,2 x HDMI 2.1,,GV-N3080GAMING
14-500-541,"ZOTAC GAMING GeForce RTX 4080 16GB AMP Extreme AIRO DLSS 3 16GB GDDR6X 256-bit 22.4 Gbps PCIE 4.0 Gaming Graphics Card, IceStorm 2.0 Advanced Cooling, SPECTRA 2.0 RGB Lighting, ZT-D40810B-10P",ZOTAC,3.7,3,1399.99,Free Shipping,https://c1.neweggimages.com/ProductImageCompressAll300/14-500-541-V01.jpg,7680 x 4320,3 x DisplayPort 1.4a,1 x HDMI 2.1,DirectX 12,ZT-D40810B-10P
9SIAZUEHCM8909,Yeston RTX 3060 12GB GDDR6 LHR Graphics cards Nvidia pci express x16 4.0 video cards Desktop computer PC video gaming graphics card,yeston,,,419.0,Free Shipping,https://c1.neweggimages.com/ProductImageCompressAll300/AZUES220410u8dBJ.jpg,,,,,RTX3060-12G
14-930-052,"ASRock Radeon RX 6900 XT PHANTOM GAMING D Graphics Card 16GB GDDR6, AMD RDNA2 (RX6900XT PGD 16GO)",ASRock,4.5,127,1199.99,Free Shipping,https://c1.neweggimages.com/ProductImageCompressAll300/14-930-052-01.jpg,7680 x 4320,,1 x HDMI 2.1,,RX6900XT
14-932-521,GIGABYTE Eagle Radeon RX 6650 XT 8GB GDDR6 PCI Express 4.0 ATX Video Card GV-R665XTEAGLE-8GD,GIGABYTE,4.2,39,399.99,Free Shipping,https://c1.neweggimages.com/ProductImageCompressAll300/14-932-521-V01.jpg,7680 x 4320,2 x DisplayPort 1.4a,2 x HDMI 2.1,,GV-R665XTEAGLE-8GD
9SIACVBJB76278,MSI Gaming GeForce RTX 3060 Ti 8GB GDDR6 PCI Express 4.0 Video Card RTX 3060 Ti Gaming X 8G LHR,MSI,4.9,101,519.0,Special Shipping,https://c1.neweggimages.com/ProductImageCompressAll300/14-137-672-V02.jpg,7680 x 4320,3 x DisplayPort 1.4a,1 x HDMI 2.1,,RTX3060TGamingX8GLHR
9SIAYTVFU57378,MSI Gaming GeForce RTX 3070 Ti 8GB GDDR6X PCI Express 4.0 Video Card RTX 3070 Ti Gaming X Trio 8G,MSI,4.6,138,723.0,$49.99 Shipping,https://c1.neweggimages.com/ProductImageCompressAll300/14-137-661-V01.jpg,7680 x 4320,3 x DisplayPort 1.4a,1 x HDMI 2.1,,RTX3070TGamingXTrio8
9SIAVXDJP27665,MLLSE Graphics Card RTX 3060Ti 8GB X-GAME GDDR6 256bit NVIDIA GPU DP*3 PCI Express 4.0 x16 rtx3060ti 8gb Video card black,XFX,,,349.0,Free Shipping,https://c1.neweggimages.com/ProductImageCompressAll300/AVXDS2211020219VR68.jpg,,,,,3060ti-8gblack
9SIB8PJJGD6021,XFX SPEEDSTER SWFT105 Radeon RX 6400 4GB GDDR6 PCI Express 4.0 Low Profile Video Card RX-64XL4SFG2,GIGABYTE,4.6,13,149.0,Free Shipping,https://c1.neweggimages.com/ProductImageCompressAll300/14-150-868-V01.jpg,7680 x 4320,1 x DisplayPort 1.4H,1 x HDMI 2.1,,RX-64XL4SFG2
9SIAYTVFU57364,GIGABYTE AORUS GeForce RTX 3070 MASTER 8GB GDDR6 PCI Express 4.0 ATX Video Card GV-N3070AORUS M-8GD (rev. 2.0) (LHR),MSI,4.7,91,685.49,$49.99 Shipping,https://c1.neweggimages.com/ProductImageCompressAll300/14-932-466-03.jpg,7680 x 4320,3 x DisplayPort 1.4a,2 x HDMI 2.1,,GV-N3070AORUS
14-137-641,MSI Mech Radeon RX 6700 XT 12GB GDDR6 PCI Express 4.0 Video Card RX 6700 XT MECH 2X 12G,yeston,4.4,61,509.99,Free Shipping,https://c1.neweggimages.com/ProductImageCompressAll300/14-137-641-V13.jpg,7680 x 4320,3 x DisplayPort 1.4H,1 x HDMI 2.1,,RX
9SIAZUEGPR6564,Yeston Radeon RX 6700 XT 12GB D6 GDDR6 192bit 7nm video cards Desktop computer PC Video Graphics Cards support PCI-Express 4.0 3*DP+1*HDMI-compatible   RGB light effect Fragrant graphics card,MSI,5,1,489.0,Free Shipping,https://c1.neweggimages.com/ProductImageCompressAll300/AZUES211216FkOEB.jpg,,,,,Yeston
14-137-736,MSI Gaming Radeon RX 6650 XT 8GB GDDR6 PCI Express 4.0 Video Card RX 6650 XT GAMING X 8G,ASUS,4.8,8,359.99,Free Shipping,https://c1.neweggimages.com/ProductImageCompressAll300/14-137-736-V11.jpg,7680 x 4320,3 x DisplayPort 1.4a,1 x HDMI 2.1,,RX
14-126-532,"ASUS Phoenix NVIDIA GeForce RTX 3060 V2 Gaming Graphics Card (PCIe 4.0, 12GB GDDR6, HDMI 2.1, DisplayPort 1.4a, Axial-tech Fan Design, Protective Backplate, Dual Ball Fan Bearings, Auto-Extreme)",NVIDIA,4.5,34,389.99,Free Shipping,https://c1.neweggimages.com/ProductImageCompressAll300/14-126-532-V17.jpg,7680 x 4320,3 x DisplayPort 1.4a,1 x HDMI 2.1,,PH-RTX3060-12G-V2
9SIB1PGJK54545,NVIDIA GeForce RTX 3080 Ti Founders Edition 12GB GDDR6X,PowerColor,,,1599.0,Free Shipping,https://c1.neweggimages.com/ProductImageCompressAll300/ARUXS211015278F9.jpg,,,,,900-1G133-2518-000
14-131-803,PowerColor Fighter Radeon RX 6650 XT 8GB GDDR6 PCI Express 4.0 ATX Video Card AXRX 6650XT 8GBD6-3DH,MSI,,,319.99,Free Shipping,https://c1.neweggimages.com/ProductImageCompressAll300/14-131-803-V06.jpg,,3 x DisplayPort 1.4H,1 x HDMI 2.1,,AXRX
9SIAYTVFC90095,MSI Gaming GeForce RTX 3060 12GB GDDR6 PCI Express 4.0 Video Card RTX 3060 Gaming X 12G,ASUS,4.9,155,424.98,$49.99 Shipping,https://c1.neweggimages.com/ProductImageCompressAll300/14-137-630-V05.jpg,7680 x 4320,3 x DisplayPort 1.4a,1 x HDMI 2.1,,RTX
14-126-591,ASUS TUF Gaming GeForce RTX 3060 12GB GDDR6 PCI Express 4.0 Video Card TUF-RTX3060-O12G-DEMONSLAYER,GIGABYTE,5,1,489.99,Free Shipping,https://c1.neweggimages.com/ProductImageCompressAll300/14-126-591-01.jpg,7680 x 4320,3 x DisplayPort 1.4a,2 x HDMI 2.1,,TUF-RTX3060-O12G-DEMONSLAYER
9SIASGMHXW4788,GIGABYTE Eagle GeForce RTX 3050 8GB GDDR6 PCI Express 4.0 ATX Video Card GV-N3050EAGLE-8GD,XFX,4.7,3,339.99,Free Shipping,https://c1.neweggimages.com/ProductImageCompressAll300/14-932-497-V01.jpg,7680 x 4320,2 x DisplayPort 1.4a,2 x HDMI 2.1,,GV-N3050EAGLE-8GD
9SIAD2CJ8U9429,XFX SPEEDSTER MERC308 Radeon RX 6650 XT 8GB GDDR6 PCI Express 4.0 Video Card RX-665X8TBDY,Sapphire Tech,5,1,319.99,$4.49 Shipping,https://c1.neweggimages.com/ProductImageCompressAll300/14-150-871-V01.jpg,7680 x 4320,3 x DisplayPort 1.4H,1 x HDMI 2.1,,RX-665X8TBDY
14-202-423,SAPPHIRE PULSE Radeon RX 6650 XT 8GB GDDR6 PCI Express 4.0 ATX Video Card 11319-03-20G,EVGA,4.6,5,319.99,Free Shipping,https://c1.neweggimages.com/ProductImageCompressAll300/14-202-423-05.jpg,7680 x 4320,3 x DisplayPort 1.4H,,,11319-03-20G
9SIAGGGJ276714,"EVGA GeForce RTX 3080 FTW3 ULTRA GAMING Video Card, 10G-P5-3897-KL, 10GB GDDR6X, iCX3 Technology, ARGB LED, Metal Backplate, LHR",ASRock,4.8,170,1419.99,$31.00 Shipping,https://c1.neweggimages.com/ProductImageCompressAll300/14-487-541-V01.jpg,7680 x 4320,3 x DisplayPort 1.4a,1 x HDMI 2.1,,10G-P5-3897-KL
14-930-078,ASRock Challenger Arc A750 8GB GDDR6 PCI Express 4.0 x16 Video Card A750 CLD 8GO,GIGABYTE,4.7,3,289.99,Free Shipping,https://c1.neweggimages.com/ProductImageCompressAll300/14-930-078-04.jpg,7680 x 4320,,1 x HDMI 2.1,,A750
14-932-455,GIGABYTE Eagle OC GeForce RTX 3060 Ti 8GB GDDR6 PCI Express 4.0 ATX Video Card GV-N306TEAGLE OC-8GD (rev. 2.0) (LHR),XFX,4.8,27,449.99,Free Shipping,https://c1.neweggimages.com/ProductImageCompressAll300/14-932-455-01.jpg,7680 x 4320,2 x DisplayPort 1.4a,2 x HDMI 2.1,,GV-N306TEAGLE
9SIAD2CHH37623,XFX SPEEDSTER SWFT 210 Radeon RX 6600 8GB GDDR6 PCI Express 4.0 Video Card RX-66XL8LFDQ,GIGABYTE,4.5,77,249.99,$4.49 Shipping,https://c1.neweggimages.com/ProductImageCompressAll300/14-150-864-01.jpg,7680 x 4320,3 x DisplayPort 1.4H,1 x HDMI 2.1,,RX-66XL8LFDQ
9SIB1PGJPG9906,GIGABYTE Gaming GeForce RTX 3080 Ti 12GB GDDR6X PCI Express 4.0 ATX Video Card GV-N308TGAMING OC-12GD,ASUS,4.1,183,1530.0,Free Shipping,https://c1.neweggimages.com/ProductImageCompressAll300/14-932-436-02.jpg,7680 x 4320,3 x DisplayPort 1.4a,2 x HDMI 2.1,,GV-N308TGAMING
14-126-602,ASUS Dual OC GeForce RTX 3060 8GB GDDR6 PCI Express 4.0 Video Card DUAL-RTX3060-O8G,XFX,,,359.99,Free Shipping,https://c1.neweggimages.com/ProductImageCompressAll300/14-126-602-02.png,7680 x 4320,3 x DisplayPort 1.4a,1 x HDMI 2.1,,DUAL-RTX3060-O8G
9SIBE02J9V4295,XFX SPEEDSTER QICK319 Radeon RX 6750 XT 12GB GDDR6 PCI Express 4.0 ATX Video Card RX-675XYLUDP,GIGABYTE,,,699.97,Free Shipping,https://c1.neweggimages.com/ProductImageCompressAll300/14-150-873-S01.jpg,,3 x DisplayPort 1.4H,1 x HDMI 2.1,,RX-675XYLUDP
14-932-518,GIGABYTE AORUS Radeon RX 6750 XT 12GB GDDR6 PCI Express 4.0 ATX Video Card GV-R675XTAORUS E-12GD,Mannajue,4.7,13,529.99,Free Shipping,https://c1.neweggimages.com/ProductImageCompressAll300/14-932-518-06.jpg,7680 x 4320,2 x DisplayPort 1.4a,2 x HDMI 2.1,,GV-R675XTAORUS
9SIB601JAD8374,GeForce RTX 2060 6G Graphics Card GDDR6 PCI Express 3.0 Video Card Dual-fan Edition HDMI DP Gpu,EVGA,,,219.99,Free Shipping,https://c1.neweggimages.com/ProductImageCompressAll300/B601S2210310SHP7T2B.jpg,,,,,2060
9SIAEUYJA27005,"EVGA GeForce RTX 3070 Ti FTW3 ULTRA GAMING Video Card, 08G-P5-3797-KL, 8GB GDDR6X, iCX3 Technology, ARGB LED, Metal Backplate",ASUS,4.8,172,1085.0,Free Shipping,https://c1.neweggimages.com/ProductImageCompressAll300/14-487-550-V30.jpg,7680 x 4320,3 x DisplayPort 1.4a,1 x HDMI 2.1,,08G-P5-3797-KL
9SIB6NDHWX8908,"ASUS TUF Gaming NVIDIA GeForce RTX 3080 V2 OC Edition Graphics Card (PCIe 4.0, 10GB GDDR6X, LHR, HDMI 2.1, DisplayPort 1.4a, Dual Ball Fan Bearings, Military-grade Certification, GPU Tweak II)",XFX,4.8,102,1069.0,Free Shipping,https://c1.neweggimages.com/ProductImageCompressAll300/14-126-525-V01.jpg,7680 x 4320,3 x DisplayPort 1.4a,2 x HDMI 2.1,,TUF-RTX3080-O10G-V2-
9SIB8PJJGD6020,XFX Speedster QICK 210 Radeon RX 6500 XT 4GB GDDR6 PCI Express 4.0 Video Card RX-65XT4DBDQ,ZOTAC,4.7,6,179.0,Free Shipping,https://c1.neweggimages.com/ProductImageCompressAll300/14-150-866-V07.jpg,,1 x DisplayPort 1.4H,1 x HDMI 2.1,,RX-65XT4DBDQ
9SIA6V6J5G9353,"ZOTAC GAMING GeForce RTX 3090 Trinity OC 24GB GDDR6X 384-bit 19.5 Gbps PCIE 4.0 Gaming Graphics Card, IceStorm 2.0 Advanced Cooling, SPECTRA 2.0 RGB Lighting, ZT-A30900J-10P",,4.5,6,1349.99,Free Shipping,https://c1.neweggimages.com/ProductImageCompressAll300/14-500-510-V01.jpg,7680 x 4320,3 x DisplayPort 1.4a,1 x HDMI 2.1,,ZT-A30900J-10P
9SIB1PGJPH0209,"EVGA GeForce RTX 3080 FTW3 ULTRA GAMING Video Card, 10G-P5-3897-KR, 10GB GDDR6X, iCX3 Technology, ARGB LED, Metal Backplate",EVGA,4.8,208,1290.0,Free Shipping,https://c1.neweggimages.com/ProductImageCompressAll300/14-487-518-01.jpg,7680 x 4320,3 x DisplayPort 1.4a,1 x HDMI 2.1,,10G-P5-3897-KR
14-932-514,GIGABYTE Eagle Radeon RX 6400 4GB GDDR6 PCI Express 4.0 Video Card GV-R64EAGLE-4GD,GIGABYTE,3.7,3,154.99,Free Shipping,https://c1.neweggimages.com/ProductImageCompressAll300/14-932-514-01.jpg,7680 x 4320,1 x DisplayPort 1.4H,1 x HDMI 2.1,,GV-R64EAGLE-4GD
9SIB6NDGTS7383,"ASUS ROG STRIX Radeon RX 6700 XT OC Edition Gaming Graphics Card (AMD RDNA 2, PCIe 4.0, 12GB GDDR6, HDMI 2.1, DisplayPort 1.4a, Axial-tech Fan Design, 2.9-slot, Super Alloy Power II, GPU Tweak II)",ASUS,4.7,40,529.75,Free Shipping,https://c1.neweggimages.com/ProductImageCompressAll300/14-126-498-14.jpg,7680 x 4320,3 x DisplayPort 1.4a,1 x HDMI 2.1,,STRIXRX6700XT-O12G-G
14-137-756,MSI Ventus GeForce GTX 1630 4GB GDDR6 PCI Express 3.0 Video Card GTX 1630 VENTUS XS 4G OC,MSI,5,2,139.99,Free Shipping,https://c1.neweggimages.com/ProductImageCompressAll300/14-137-756-11.jpg,7680 x 4320,1 x DisplayPort 1.4a,1 x HDMI 2.0,,GTX
9SIBGVAJCC8415,BIOSTAR NEW GeForce RTX 3070 8GB GDDR6 PCI Express 4.0 Graphics Card NVIDIA RTX 3070 8GB Gaming Video Card 8Pin GPU Gamer,Biostar,,,499.0,Free Shipping,https://c1.neweggimages.com/ProductImageCompressAll300/BGVAS221202090Q62B6.jpg,,,,,4712960686632
9SIAZUEETK3030,Yeston GeForce GTX 1050 Ti 4GB GDDR5 Graphics cards Nvidia pci express x16 3.0 video cards Desktop computer PC video gaming graphics card,yeston,,,229.0,Free Shipping,https://c1.neweggimages.com/ProductImageCompressAll300/AZUES211220CICSL.jpg,,,,,GTX1050TI-4G
9SIAGGGHSJ0466,GIGABYTE VISION OC GeForce RTX 3080 Ti 12GB GDDR6X PCI Express 4.0 ATX Video Card GV-N308TVISION OC-12GD,GIGABYTE,4.4,62,1699.99,$31.00 Shipping,https://c1.neweggimages.com/ProductImageCompressAll300/14-932-437-V06.jpg,7680 x 4320,3 x DisplayPort 1.4a,2 x HDMI 2.1,,GV-N308TVISION
9SIA2F8HJW9683,MSI Ventus GeForce RTX 3050 8GB GDDR6 PCI Express 4.0 Video Card RTX 3050 Ventus 2X 8G OC,MSI,4.8,103,335.7,Free Shipping,https://c1.neweggimages.com/ProductImageCompressAll300/14-137-708-V01.jpg,7680 x 4320,3 x DisplayPort 1.4H,1 x HDMI 2.1,,RTX
14-126-567,"ASUS Dual AMD Radeon RX 6650 XT OC Edition 8GB GDDR6 Gaming Graphics Card (AMD RNDA 2, PCIe 4.0, 8GB GDDR6 Memory, HDMI 2.1, DisplayPort 1.4a, Axial-tech Fan Design, 0dB Technology)",ASUS,4.3,3,409.99,Free Shipping,https://c1.neweggimages.com/ProductImageCompressAll300/14-126-567-V01.jpg,7680 x 4320,3 x DisplayPort 1.4a,1 x HDMI 2.1,,DUAL-RX6650XT-O8G
9SIAZUEJB57733,Yeston GeForce GTX 1650  4GB GDDR6 LP Single Slot Graphics cards Nvidia pci express x16 3.0 video cards DirectX 12 Desktop computer PC video gaming graphics card 4GB With Fan GTX 1650 4G,yeston,,,209.0,Free Shipping,https://c1.neweggimages.com/ProductImageCompressAll300/AZUES2211090K5GDQB6.jpg,,,,,GTX1650-4G
9SIBGW6J9Y0559,AX Gaming New RTX 3070 Ti X3W 8GB Graphics Card 19Gbps 8+8PIN 8NM 256bit GDDR6 NVIDIA GPU Video Card Gamer,AX Gaming,,,673.0,Free Shipping,https://c1.neweggimages.com/ProductImageCompressAll300/BGW6S2210290LI6CTBC.jpg,7680 x 4320,3 x DisplayPort 1.4a,1 x HDMI 2.1,,835168002166
9SIAZUEJC49634,Yeston Radeon RX 6750 XT 12GB D6 GDDR6 192bit 7nm video cards Desktop computer PC Video Graphics Cards support PCI-Express 4.0 3*DP+1*HDMI-compatible   RGB light effect Fragrant graphics card,yeston,,,599.99,Free Shipping,https://c1.neweggimages.com/ProductImageCompressAll300/AZUES2211210DOEQY35.jpg,,,,,RX6750XT-12G
14-487-479,"EVGA GeForce GTX 1660 SUPER SC ULTRA GAMING, 06G-P4-1068-KR, 6GB GDDR6, Dual Fan, Metal Backplate",EVGA,4.6,107,279.99,Free Shipping,https://c1.neweggimages.com/ProductImageCompressAll300/14-487-479-V07.jpg,7680 x 4320,1 x DisplayPort 1.4D,1 x HDMI 2.0,,06G-P4-1068-KR
9SIAYTVFU57345,GIGABYTE AORUS GeForce RTX 3060 ELITE 12GB GDDR6 PCI Express 4.0 ATX Video Card GV-N3060AORUS E-12GD (rev. 2.0) (LHR),GIGABYTE,4.8,94,424.0,$49.99 Shipping,https://c1.neweggimages.com/ProductImageCompressAll300/14-932-431-V12.jpg,7680 x 4320,2 x DisplayPort 1.4a,2 x HDMI 2.1,,GV-N3060AORUS
9SIASGMD688896,MSI Gaming GeForce GTX 1050 Ti 4GB GDDR5 PCI Express 3.0 x16 ATX Video Card GTX 1050 Ti GAMING X 4G,MSI,4.6,312,198.99,Free Shipping,https://c1.neweggimages.com/ProductImageCompressAll300/14-137-054-07.jpg,7680 x 4320,1 x DisplayPort 1.4D,,,GTX1050Ti
9SIAZUEFT99073,Yeston GeForce GTX 1660  Super-6G  GDDR6  6GB 192Bit Graphics cards Nvidia pci express x16 3.0 video cards Desktop computer PC video gaming graphics card,yeston,,,249.0,Free Shipping,https://c1.neweggimages.com/ProductImageCompressAll300/AZUES210908pQyVH.jpg,,,,,Yeston
14-126-588,ASUS TUF Gaming OC Edition GeForce RTX 3050 8GB GDDR6 PCI Express 4.0 Video Card TUF-RTX3050-O8G-GAMING,ASUS,,,349.99,Free Shipping,https://c1.neweggimages.com/ProductImageCompressAll300/14-126-588-V12.jpg,7680 x 4320,3 x DisplayPort 1.4a,2 x HDMI 2.1,,TUF-RTX3050-O8G-GAMING
9SIASGMFFK2374,GIGABYTE GeForce GT 710 2GB DDR3 PCI Express 2.0 x8 Low Profile Video Card GV-N710D3-2GL 1.0,GIGABYTE,4.2,9,43.99,Free Shipping,https://c1.neweggimages.com/ProductImageCompressAll300/14-125-844-01.jpg,,,,,GV-N710D3-2GL
14-137-757,MSI AERO GeForce GTX 1630 4GB GDDR6 PCI Express 3.0 ITX Video Card GTX 1630 AERO ITX 4G OC,MSI,5,1,139.99,Free Shipping,https://c1.neweggimages.com/ProductImageCompressAll300/14-137-757-06.jpg,7680 x 4320,1 x DisplayPort 1.4a,1 x HDMI 2.0,,GTX
9SIA6V6JAV0980,ZOTAC GAMING GeForce RTX 3080 Ti Trinity OC 12GB GDDR6X PCI Express 4.0 ATX Video Card ZT-A30810J-10P,ZOTAC,4.5,10,1299.99,Free Shipping,https://c1.neweggimages.com/ProductImageCompressAll300/14-500-521-V01.jpg,7680 x 4320,3 x DisplayPort 1.4a,1 x HDMI 2.1,,ZT-A30810J-10P
9SIAD2CJ8U9658,XFX SPEEDSTER MERC319 Radeon RX 6750 XT 12GB GDDR6 PCI Express 4.0 Video Card RX-675XYTBDP,XFX,4.8,9,449.99,$4.86 Shipping,https://c1.neweggimages.com/ProductImageCompressAll300/14-150-869-V01.jpg,,3 x DisplayPort 1.4H,1 x HDMI 2.1,,RX-675XYTBDP
9SIAGGGHT29675,"ASUS Dual Radeon RX 6700 XT OC Edition 12GB GDDR6 Gaming Graphics Card (AMD RDNA 2, PCIe 4.0, 12GB GDDR6, HDMI 2.1, DisplayPort 1.4a, Axial-tech Fan Design, 0dB Technology) DUAL-RX6700XT-O12G",ASUS,4.6,18,539.62,$31.00 Shipping,https://c1.neweggimages.com/ProductImageCompressAll300/14-126-543-S01.jpg,7680 x 4320,3 x DisplayPort 1.4a,1 x HDMI 2.1,,DUAL-RX6700XT-O12G
14-202-412,SAPPHIRE PULSE Radeon RX 6500 XT 4GB GDDR6 PCI Express 4.0 ATX Video Card 11314-01-20G,Sapphire Tech,4.8,24,199.99,Free Shipping,https://c1.neweggimages.com/ProductImageCompressAll300/14-202-412-V01.jpg,7680 x 4320,,,,11314-01-20G
14-137-527,MSI GeForce GTX 1650 4GB GDDR6 PCI Express 3.0 x16 Video Card GTX 1650 D6 GAMING X,MSI,5,25,209.99,Free Shipping,https://c1.neweggimages.com/ProductImageCompressAll300/14-137-527-V06.jpg,7680 x 4320,2 x DisplayPort 1.4a,1 x HDMI 2.0,,GTX
9SIAD2CJFB5354,"XFX SPEEDSTER QICK319 RADEON RX 6750XT CORE Gaming Graphics Card with 12GB GDDR6 HDMI 3xDP, AMD RDNA 2 - RX-675XYJFDP",XFX,4.5,4,439.99,$8.60 Shipping,https://c1.neweggimages.com/ProductImageCompressAll300/AD2CS2206231256KKA8.jpg,72 x 5,3 x DisplayPort 1.4H,1 x HDMI 2.1,,RX-675XYJFDP
14-930-068,ASRock Challenger Radeon RX 6400 4GB GDDR6 PCI Express 4.0 ITX Video Card RX6400 CLI 4G,ASRock,4.7,3,149.99,Free Shipping,https://c1.neweggimages.com/ProductImageCompressAll300/14-930-068-S01.jpg,7680 x 4320,1 x DisplayPort 1.4H,1 x HDMI 2.1,,RX6400
14-932-492,GIGABYTE Eagle Radeon RX 6500 XT 4GB GDDR6 PCI Express 4.0 ATX Video Card GV-R65XTEAGLE-4GD,GIGABYTE,4.4,17,179.99,Free Shipping,https://c1.neweggimages.com/ProductImageCompressAll300/14-932-492-01.jpg,7680 x 4320,1 x DisplayPort 1.4a,1 x HDMI 2.1,,GV-R65XTEAGLE-4GD
9SIBGVAJEA9406,GALAX New GeForce RTX 3060 Ti Metal Master 8GB OC FG GDDR6 Gaming GPU RTX 3060Ti Video Card,Mannajue,,,429.0,Free Shipping,https://c1.neweggimages.com/ProductImageCompressAll300/BGVAS2212080GMMOCEB.jpg,,,,,4895147150642
9SIB601J783645,GeForce GTX 1660 SUPER 6GB GDDR6 PCI Express 3.0 x16 Video Card GTX 1660 SUPER,ASRock,,,189.99,Free Shipping,https://c1.neweggimages.com/ProductImageCompressAll300/B601S2210120HQ3ZC43.jpg,,,,,GTX
9SIAPBUH060882,ASRock Challenger Pro Radeon RX 6600 XT 8GB GDDR6 PCI Express 4.0 Video Card RX6600XT CLP 8GO,AX Gaming,4.6,39,469.95,$49.99 Shipping,https://c1.neweggimages.com/ProductImageCompressAll300/14-930-062-V01.jpg,7680 x 4320,,1 x HDMI 2.1,,RX6600XT
9SIBGW6J9Y0510,AX Gaming New RTX 3070 X3W 8GB Graphics Card 14Gbps 8PIN 8NM 256bit GDDR6 NVIDIA GPU Video Card Gamer,GIGABYTE,,,569.0,Free Shipping,https://c1.neweggimages.com/ProductImageCompressAll300/BGW6S2210290LFTDWBC.jpg,7680 x 4320,3 x DisplayPort 1.4a,1 x HDMI 2.1,,835168002180
9SIASGMJNK0095,GIGABYTE GeForce GTX 1650 4GB GDDR5 PCI Express 3.0 x16 Low Profile Video Card GV-N1650OC-4GL,GIGABYTE,3.8,6,198.49,Special Shipping,https://c1.neweggimages.com/ProductImageCompressAll300/14-932-241-V06.jpg,7680 x 4320,1 x DisplayPort 1.4D,,,GV-N1650OC-4GL
14-125-916,GIGABYTE GeForce GTX 1050 Ti 4GB GDDR5 PCI Express 3.0 x16 ATX Video Cards GV-N105TD5-4GD,AX Gaming,4.6,73,265.99,Free Shipping,https://c1.neweggimages.com/ProductImageCompressAll300/14-125-916-01.jpg,7680 x 4320,1 x DisplayPort 1.4D,,,GV-N105TD5-4GD
9SIBGW6J9Y3951,AX Gaming New RXT 3060TI X2W 8GB Graphics Card GDDR6 256bit 8Pin 8NM NVIDIA GPU Video Cards,EVGA,,,453.0,Free Shipping,https://c1.neweggimages.com/ProductImageCompressAll300/BGW6S2210290MW5PUBA.jpg,7680 x 4320,3 x DisplayPort 1.4a,1 x HDMI 2.1,,835168002203
9SIAS19JE74009,"EVGA GeForce RTX 3050 XC BLACK GAMING Video Card, 08G-P5-3551-KR, 8GB GDDR6, Dual-Fan",MSI,4.9,12,349.99,Special Shipping,https://c1.neweggimages.com/ProductImageCompressAll300/14-487-556-V02.jpg,,3 x DisplayPort 1.4a,1 x HDMI 2.1,,08G-P5-3551-KR
14-137-738,MSI Radeon RX 6400 4GB GDDR6 PCI Express 4.0 Video Card RX 6400 AERO ITX 4G,,4,4,149.99,$3.99 Shipping,https://c1.neweggimages.com/ProductImageCompressAll300/14-137-738-V01.jpg,7680 x 4320,1 x DisplayPort 1.4a,1 x HDMI 2.1,,RX
14-131-792,PowerColor Fighter Radeon RX 6500 XT 4GB GDDR6 PCI Express 4.0 ATX Video Card AXRX 6500XT 4GBD6-DH/OC,PowerColor,4.1,8,169.99,Free Shipping,https://c1.neweggimages.com/ProductImageCompressAll300/14-131-792-01.jpg,,1 x DisplayPort 1.4H,1 x HDMI 2.1,,AXRX
9SIB821JF68501,ASUS TUF Gaming GeForce RTX 4080 16GB GDDR6X PCI Express 4.0 Video Card TUF-RTX4080-O16G-GAMING,ASUS,4.5,21,1699.0,Free Shipping,https://c1.neweggimages.com/ProductImageCompressAll300/14-126-598-10.jpg,7680 x 4320,3 x DisplayPort 1.4a,2 x HDMI 2.1,,TUF-RTX4080-O16G-GAMING
9SIAYE8JRY9613,Sapphire Pulse AMD Radeon RX 6700 XT Gaming 12GB GDDR6 HDMI / Triple DP (11306-02-20G),Sapphire Tech,4.5,17,729.97,Free Shipping,https://c1.neweggimages.com/ProductImageCompressAll300/14-202-400-01.jpg,7680 x 4320,,,,11306-02-20G
9SIARPHJJF1084,"GIGABYTE GeForce GTX 1660 OC 6G Graphics Card, 2 x WINDFORCE Fans, 6GB 192-Bit GDDR5, GV-N1660OC-6GD Video Card",GIGABYTE,4.4,54,196.9,$49.99 Shipping,https://c1.neweggimages.com/ProductImageCompressAll300/14-932-138-04.jpg,7680 x 4320,3 x DisplayPort 1.4H,1 x HDMI 2.0,,GV-N1660OC-6GD
9SIASGMJFS2845,"GIGABYTE GeForce GT 1030 Low Profile 2GB, GV-N1030D5-2GL",GIGABYTE,4.6,50,97.09,Free Shipping,https://c1.neweggimages.com/ProductImageCompressAll300/14-125-972-V01.jpg,,,1 x HDMI 2.0,,GV-N1030D5-2GL
14-126-570,ASUS GeForce GT 730 2GB GDDR5 PCI Express 2.0 Video Card GT730-4H-SL-2GD5,ASUS,,,89.99,Free Shipping,https://c1.neweggimages.com/ProductImageCompressAll300/14-126-570-V07.jpg,3840 x 2160,,4 x HDMI 1.4,,GT730-4H-SL-2GD5
9SIAVXDJP09524,MLLSE 100% New AMD RX5700XT 8G 7NM Gaming Graphics Card 8GB 256Bit GDDR6 PCI Express 4.0 x 16 GPU Radeon rx5700xt Desktop Video Card,AX Gaming,,,199.99,Free Shipping,https://c1.neweggimages.com/ProductImageCompressAll300/AVXDS2210310KM0BC58.jpg,,,,,RX5700XT-8G
9SIBGVAJEA9033,GALAX New Graphics Card GeForce RTX 3060 Metal Master MAX OC FG GDDR6 8Pin 192 Bit RTX 3060 12G Gaming GPU Video Card,MSI,,,399.0,Free Shipping,https://c1.neweggimages.com/ProductImageCompressAll300/BGVAS2212080EY8MF1D.jpg,,,,,4895147150819
9SIBGW6JBS1352,AX New RTX 4080 X3W 16GB Graphics Card GDDR6X 256bit   NVIDIA GPU Video Cards,MSI,5,2,1499.0,Free Shipping,https://c1.neweggimages.com/ProductImageCompressAll300/BGW6S2211160NIG0V74.jpg,7680 x 4320,3 x DisplayPort 1.4H,1 x HDMI 2.1,,835168002944
9SIARPHJRH3364,MSI Gaming GeForce RTX 3070 8GB GDDR6 PCI Express 4.0 Video Card 3070 GAMING Z TRIO 8G LHR,AX Gaming,4.8,74,708.3,$49.99 Shipping,https://c1.neweggimages.com/ProductImageCompressAll300/14-137-670-V05.jpg,7680 x 4320,3 x DisplayPort 1.4H,1 x HDMI 2.1,,RTX
14-127-515,MSI GeForce 210 1GB DDR3 PCI Express 2.0 x16 Low Profile Ready Video Card N210-MD1G/D3,ASUS,4,88,44.56,Free Shipping,https://c1.neweggimages.com/ProductImageCompressAll300/14-127-515-02.jpg,2560 x 1600,,,,N210-MD1G/D3
9SIBGW6J9Y3807,AX New RTX 3060 X2W 12GB Graphics Card GDDR6 192bit 8Pin 8NM NVIDIA GPU Video Cards,Mannajue,5,1,359.0,Free Shipping,https://c1.neweggimages.com/ProductImageCompressAll300/BGW6S2210290MUBUWBA.jpg,7680 x 4320,3 x DisplayPort 1.4a,1 x HDMI 2.1,,835168002241
9SIASGMH4V7114,ASUS GeForce GT 730 2GB GDDR5 PCI Express 2.0 Low Profile Video Card for Silent HTPC Builds (with I/O Port Brackets) GT730-SL-2GD5-BRK,GIGABYTE,4.4,5,64.39,Free Shipping,https://c1.neweggimages.com/ProductImageCompressAll300/14-126-537-V01.jpg,3840 x 2160,,1 x HDMI 1.4,,GT730-SL-2GD5-BRK
9SIBGVAJEA8959,GALAX New GeForce RTX 3070 BOOMSTAR OC FG 8G GAMING NVIDIA GDDR6X PCI Express 4.0 Video Card RTX 3070 Graphics Card,MSI,,,607.99,Free Shipping,https://c1.neweggimages.com/ProductImageCompressAll300/BGVAS2212080EKRHLCC.jpg,,,,,4895147150581
9SIB601H8T4017,RX580 8G 256Bit GDDR5 Graphic Card Video Card GPU DirectX 12 PCI Express 3.0 16X DVI-D/DP/HDMI Gaming,EVGA,,,99.99,Free Shipping,https://c1.neweggimages.com/ProductImageCompressAll300/B601S2208160SRX4366.jpg,,,,,6770
14-932-060,GIGABYTE GeForce GT 1030 Low Profile D4 2G DirectX 12 GV-N1030D4-2GL Video Card,ZOTAC,4.1,14,114.99,$8.29 Shipping,https://c1.neweggimages.com/ProductImageCompressAll300/14-932-060-V01.jpg,4096 x 2160,,1 x HDMI 2.0,,GV-N1030D4-2GL
14-137-666,MSI GeForce GT 730 4GB DDR3 PCI Express 2.0 x16 Video Card N730K-4GD3/OCV1,yeston,3.4,5,99.99,Free Shipping,https://c1.neweggimages.com/ProductImageCompressAll300/14-137-666-V01.jpg,,,,,N730K-4GD3/OCV1
14-487-448,"EVGA GeForce GTX 1660 SC ULTRA GAMING, 06G-P4-1067-KR, 6GB GDDR5, Dual Fan, Metal Backplate",yeston,4.5,84,311.99,Free Shipping,https://c1.neweggimages.com/ProductImageCompressAll300/14-487-448-V01.jpg,7680 x 4320,1 x DisplayPort 1.4D,1 x HDMI 2.0,,06G-P4-1067-KR
9SIAKEYJAJ6837,"ZOTAC GAMING GeForce GTX 1650 OC 4GB GDDR6 128-bit Gaming Graphics Card, Super Compact, ZT-T16520F-10L",GIGABYTE,4.8,35,199.99,Special Shipping,https://c1.neweggimages.com/ProductImageCompressAll300/14-500-494-S01.jpg,,1 x DisplayPort 1.4D,1 x HDMI 2.0,,ZT-T16520F-10L
9SIAZUEHCM9085,Yeston Radeon RX 6500 XT 4GB D6 GDDR6 6nm video cards Desktop computer PC Video Graphics Cards support PCI-Express 4.0 1*DP+1*HDMI-compatible  graphics card,GIGABYTE,5,1,229.0,Free Shipping,https://c1.neweggimages.com/ProductImageCompressAll300/AZUES2204138WsWv.jpg,,,,,RX6500XT-4G
9SIAZUEFE85514,Yeston RTX 3060 Ti 8GB GDDR6 LHR Graphics cards Nvidia pci express x16 4.0 video cards Desktop computer PC video gaming graphics card,SAPLOS,5,1,489.0,Free Shipping,https://c1.neweggimages.com/ProductImageCompressAll300/AZUES210728hVLAv.jpg,,,,,RTX3060Ti-8G
9SIAJHSJJU4462,GIGABYTE GeForce GT 1030 2GB GDDR5 PCI Express 3.0 x16 Video Card GV-N1030OC-2GI,MSI,4.3,92,92.33,Free Shipping,https://c1.neweggimages.com/ProductImageCompressAll300/14-932-004-Z01.jpg,4096 x 2160,,1 x HDMI 2.0,,GV-N1030OC-2GI
14-125-899,GIGABYTE GeForce GT 710 2GB DDR3 PCI Express 2.0 Low Profile Video Card GV-N710D3-2GL REV2.0,yeston,3.2,6,54.99,Free Shipping,https://c1.neweggimages.com/ProductImageCompressAll300/14-125-899-06.jpg,4096 x 2160,,,,GV-N710D3-2GL
9SIB9XKHB81555,SAPLOS NVIDIA GT 730 Graphics Cards 4GB DDR3 128 Bit VGA DVI HDMI Low Profile Video Card for PC Gaming GPU Desktop Computer Save Case Space Low Power PCI Express x16 2K Support,yeston,,,85.99,Free Shipping,https://c1.neweggimages.com/ProductImageCompressAll300/B9XKS2203230E411G02.jpg,2048 x 1536,,,,GT
9SIA7ABFVB1923,MSI GeForce GTX 1050 Ti 4GB GDDR5 PCI Express 3.0 x16 ATX Video Card GTX 1050 Ti 4GT OC,MSI,4.5,153,239.0,Special Shipping,https://c1.neweggimages.com/ProductImageCompressAll300/14-137-055-08.jpg,7680 x 4320,1 x DisplayPort 1.4D,,,GTX
9SIAZUEEV65926,"Yeston Nvidia GeForce GTX 1050 Ti Graphics Card  4GB 128-Bit GDDR5 PCI Express 3.0 x16 video cards DVI-D/HDMI/DP Tri-Ports, G-Sync, GPU Boost, DirectX 12, Gaming GPU, Desktop Video Card",ASUS,4.7,3,169.0,Free Shipping,https://c1.neweggimages.com/ProductImageCompressAll300/ASJ7S2103052sKcy.jpg,,,,,gtx1050ti
9SIAZUEEV66160,"Yeston AMD Video Card Radeon RX550 4G D5 LP Gaming Graphics Card GPU, 4G/128bit/GDDR5 PCI-Express 3.0x8 DirectX 12,DVI+HDMI+VGA Desktop Graphics Card (HTPC ITX is compatible)",yeston,4,3,139.0,Free Shipping,https://c1.neweggimages.com/ProductImageCompressAll300/ATMXS210407YQ6pF.jpg,4096 x 2160,,,,YT-RX550
9SIBGDPJEB9297,MSI Ventus GeForce RTX 3060 12GB GDDR6 PCI Express 4.0 Video Card RTX 3060 Ventus 2X 12G OC,EVGA,4.8,253,445.99,Free Shipping,https://c1.neweggimages.com/ProductImageCompressAll300/14-137-632-V05.jpg,7680 x 4320,3 x DisplayPort 1.4a,1 x HDMI 2.1,,RTX3060Ventus2X12GOC
14-126-552,ASUS TUF Gaming Radeon RX 6500 XT 4GB GDDR6 PCI Express 4.0 CrossFireX Support Video Card TUF-RX6500XT-O4G-GAMING,yeston,4.5,4,249.99,Free Shipping,https://c1.neweggimages.com/ProductImageCompressAll300/14-126-552-01.jpg,7680 x 4320,1 x DisplayPort 1.4a,1 x HDMI 2.1,,TUF-RX6500XT-O4G-GAMING
9SIAZUEH2Z4063,Yeston Radeon RX 6500 XT 4GB D6 GDDR6 6nm video cards Desktop computer PC Video Graphics Cards support PCI-Express 4.0 1*DP+1*HDMI-compatible  graphics card,ASUS,,,199.0,Free Shipping,https://c1.neweggimages.com/ProductImageCompressAll300/AZUES220303uIhIi.jpg,,,,,Yeston
9SIB1PGFBY4788,"EVGA GeForce GTX 1060 GAMING, ACX 2.0 (Single Fan), 06G-P4-6161-KR, 6GB GDDR5, DX12 OSD Support (PXOC), Only 6.8 Inches",GIGABYTE,4.1,71,489.0,Free Shipping,https://c1.neweggimages.com/ProductImageCompressAll300/14-487-260-S99.jpg,7680 x 4320,3 x DisplayPort 1.4D,,,06G-P4-6161-KR
9SIAZUEGVJ4859,Yeston Radeon RX 6600 8GB D6 GDDR6 128bit 7nm Desktop computer PC Video Graphics Cards support PCI-Express 4.0 video cards 3*DP+1*HDMI-compatible  graphics card,GIGABYTE,5,2,279.0,Free Shipping,https://c1.neweggimages.com/ProductImageCompressAll300/AZUES220127BerEM.jpg,,,,,Yeston
14-126-451,ASUS Dual GeForce GTX 1650 4GB GDDR6 PCI Express 3.0 Video Card DUAL-GTX1650-O4GD6-MINI,yeston,4.5,35,212.99,Free Shipping,https://c1.neweggimages.com/ProductImageCompressAll300/14-126-451-05.jpg,7680 x 4320,1 x DisplayPort 1.4D,,,DUAL-GTX1650-O4GD6-M
9SIARPHJJS3858,GIGABYTE GeForce GTX 1050 Ti 4GB GDDR5 PCI Express 3.0 x16 ATX Video Cards GV-N105TOC-4GD,,4.3,97,173.84,$49.99 Shipping,https://c1.neweggimages.com/ProductImageCompressAll300/14-125-915-01.jpg,7680 x 4320,1 x DisplayPort 1.4D,,,GV-N105TOC-4GD
9SIAVH0J906970,"GIGABYTE AORUS Radeon RX 6800 XT MASTER 16G Graphics Card, MAX-COVERED Cooling, 16GB 256-bit GDDR6, GV-R68XTAORUS M-16GD Video Card",,4.8,6,1436.0,Free Shipping,https://c1.neweggimages.com/ProductImageCompressAll300/14-932-395-12.jpg,7680 x 4320,2 x DisplayPort 1.4a,2 x HDMI 2.1,,GV-R68XTAORUS
9SIAZUEGTE6614,Yeston Radeon RX 550 4GB GDDR5 1183MHz 512processors PCIExpress 3.0 video cards DirectX12 Double slot 4*HDMI compatible Half height graphics card of Desktop,,5,1,155.0,Free Shipping,https://c1.neweggimages.com/ProductImageCompressAll300/AZUES220105aH8Pp.jpg,4096 x 2160,,,,Yeston
